{"init_params": {"cat_dims": [1115, 7, 2, 4, 2, 4, 3, 2], "cat_emb_dim": [1, 1, 1, 1, 1, 1, 1, 1], "cat_idxs": [0, 1, 2, 3, 4, 5, 6, 16], "clip_value": 1, "device_name": "cuda", "epsilon": 1e-15, "gamma": 1.3, "grouped_features": [], "input_dim": 17, "lambda_sparse": 0.001, "mask_type": "sparsemax", "momentum": 0.02, "n_a": 431, "n_d": 402, "n_indep_decoder": 1, "n_independent": 2, "n_shared": 2, "n_shared_decoder": 1, "n_steps": 4, "optimizer_params": {"lr": 0.01700312671420836}, "output_dim": 1, "scheduler_params": {}, "seed": 0, "verbose": 1}, "class_attrs": {"preds_mapper": null}}